"Time","Total_passengers"
1990,17.5534
1991,21.8601
1992,23.8866
1993,26.9293
1994,26.8885
1995,28.8314
1996,30.0751
1997,30.9535
1998,30.1857
1999,31.5797
2000,32.577569
2001,33.477398
2002,39.021581
2003,41.386432
2004,41.596552
2005,44.657324
2006,46.951775
2007,48.728837
2008,51.488427
2009,50.026967
2010,60.640913
2011,63.3603103378
2012,66.355274
2013,68.197955
2014,68.1232376693
2015,69.7793454797
2016,72.59770080
