"Time","Oil_Production"
1996,445.364098092
1997,453.195010427
1998,454.409641012
1999,422.378905779
2000,456.037121728
2001,440.386604674
2002,425.194372519
2003,486.20517351
2004,500.429086073
2005,521.27590917
2006,508.947617045
2007,488.888857729
2008,509.870574978
2009,456.722912348
2010,473.816602915
2011,525.950870565
2012,549.833807597
2013,542.340469826
